<?xml version="1.0" encoding="UTF-8"?>
<project-private xmlns="http://www.netbeans.org/ns/project-private/1">
    <editor-bookmarks xmlns="http://www.netbeans.org/ns/editor-bookmarks/2" lastBookmarkId="0"/>
    <open-files xmlns="http://www.netbeans.org/ns/projectui-open-files/2">
        <group>
            <file>file:/Users/lucaschambliss/Documents/CE13/Lab7.X/Lab7/toaster_oven.c</file>
            <file>file:/Users/lucaschambliss/Documents/CE13/Lab7.X/Lab7/Oled.h</file>
            <file>file:/Users/lucaschambliss/Documents/CE13/Lab7.X/Lab7/BOARD.h</file>
            <file>file:/Users/lucaschambliss/Documents/CE13/Lab7.X/Lab7/Ascii.h</file>
            <file>file:/Users/lucaschambliss/Documents/CE13/Lab7.X/Lab7/Buttons.h</file>
            <file>file:/Users/lucaschambliss/Documents/CE13/Lab7.X/Lab7/Adc.h</file>
            <file>file:/Users/lucaschambliss/Documents/CE13/Lab7.X/Lab7/Leds.h</file>
        </group>
    </open-files>
</project-private>
