<?xml version="1.0" encoding="UTF-8"?>
<project-private xmlns="http://www.netbeans.org/ns/project-private/1">
    <editor-bookmarks xmlns="http://www.netbeans.org/ns/editor-bookmarks/2" lastBookmarkId="0"/>
    <open-files xmlns="http://www.netbeans.org/ns/projectui-open-files/2">
        <group>
            <file>file:/Users/lucaschambliss/Documents/CE13/Lab%2010.X/Player.h</file>
            <file>file:/Users/lucaschambliss/Documents/CE13/Lab%2010.X/Player.c</file>
            <file>file:/Users/lucaschambliss/Documents/CE13/Lab%2010.X/rpg.c</file>
            <file>file:/Users/lucaschambliss/Documents/CE13/Lab%2010.X/Game.h</file>
            <file>file:/Users/lucaschambliss/Documents/CE13/Lab%2010.X/Game.c</file>
        </group>
    </open-files>
</project-private>
