<?xml version="1.0" encoding="UTF-8"?>
<configurationDescriptor version="62">
  <logicalFolder name="root" displayName="root" projectFiles="true">
    <logicalFolder name="HeaderFiles"
                   displayName="Header Files"
                   projectFiles="true">
      <itemPath>Game.h</itemPath>
      <itemPath>Player.h</itemPath>
      <itemPath>UnixBoard.h</itemPath>
    </logicalFolder>
    <logicalFolder name="LinkerScript"
                   displayName="Linker Files"
                   projectFiles="true">
      <itemPath>RoomFiles/room1.txt</itemPath>
      <itemPath>RoomFiles/room10.txt</itemPath>
      <itemPath>RoomFiles/room11.txt</itemPath>
      <itemPath>RoomFiles/room12.txt</itemPath>
      <itemPath>RoomFiles/room13.txt</itemPath>
      <itemPath>RoomFiles/room14.txt</itemPath>
      <itemPath>RoomFiles/room15.txt</itemPath>
      <itemPath>RoomFiles/room16.txt</itemPath>
      <itemPath>RoomFiles/room17.txt</itemPath>
      <itemPath>RoomFiles/room18.txt</itemPath>
      <itemPath>RoomFiles/room19.txt</itemPath>
      <itemPath>RoomFiles/room2.txt</itemPath>
      <itemPath>RoomFiles/room20.txt</itemPath>
      <itemPath>RoomFiles/room21.txt</itemPath>
      <itemPath>RoomFiles/room22.txt</itemPath>
      <itemPath>RoomFiles/room23.txt</itemPath>
      <itemPath>RoomFiles/room24.txt</itemPath>
      <itemPath>RoomFiles/room25.txt</itemPath>
      <itemPath>RoomFiles/room26.txt</itemPath>
      <itemPath>RoomFiles/room27.txt</itemPath>
      <itemPath>RoomFiles/room28.txt</itemPath>
      <itemPath>RoomFiles/room29.txt</itemPath>
      <itemPath>RoomFiles/room3.txt</itemPath>
      <itemPath>RoomFiles/room30.txt</itemPath>
      <itemPath>RoomFiles/room31.txt</itemPath>
      <itemPath>RoomFiles/room32.txt</itemPath>
      <itemPath>RoomFiles/room33.txt</itemPath>
      <itemPath>RoomFiles/room34.txt</itemPath>
      <itemPath>RoomFiles/room35.txt</itemPath>
      <itemPath>RoomFiles/room36.txt</itemPath>
      <itemPath>RoomFiles/room37.txt</itemPath>
      <itemPath>RoomFiles/room38.txt</itemPath>
      <itemPath>RoomFiles/room39.txt</itemPath>
      <itemPath>RoomFiles/room4.txt</itemPath>
      <itemPath>RoomFiles/room40.txt</itemPath>
      <itemPath>RoomFiles/room41.txt</itemPath>
      <itemPath>RoomFiles/room42.txt</itemPath>
      <itemPath>RoomFiles/room43.txt</itemPath>
      <itemPath>RoomFiles/room44.txt</itemPath>
      <itemPath>RoomFiles/room45.txt</itemPath>
      <itemPath>RoomFiles/room46.txt</itemPath>
      <itemPath>RoomFiles/room47.txt</itemPath>
      <itemPath>RoomFiles/room48.txt</itemPath>
      <itemPath>RoomFiles/room49.txt</itemPath>
      <itemPath>RoomFiles/room5.txt</itemPath>
      <itemPath>RoomFiles/room50.txt</itemPath>
      <itemPath>RoomFiles/room51.txt</itemPath>
      <itemPath>RoomFiles/room52.txt</itemPath>
      <itemPath>RoomFiles/room53.txt</itemPath>
      <itemPath>RoomFiles/room54.txt</itemPath>
      <itemPath>RoomFiles/room55.txt</itemPath>
      <itemPath>RoomFiles/room56.txt</itemPath>
      <itemPath>RoomFiles/room57.txt</itemPath>
      <itemPath>RoomFiles/room58.txt</itemPath>
      <itemPath>RoomFiles/room59.txt</itemPath>
      <itemPath>RoomFiles/room6.txt</itemPath>
      <itemPath>RoomFiles/room60.txt</itemPath>
      <itemPath>RoomFiles/room61.txt</itemPath>
      <itemPath>RoomFiles/room62.txt</itemPath>
      <itemPath>RoomFiles/room63.txt</itemPath>
      <itemPath>RoomFiles/room64.txt</itemPath>
      <itemPath>RoomFiles/room65.txt</itemPath>
      <itemPath>RoomFiles/room7.txt</itemPath>
      <itemPath>RoomFiles/room8.txt</itemPath>
      <itemPath>RoomFiles/room9.txt</itemPath>
    </logicalFolder>
    <logicalFolder name="SourceFiles"
                   displayName="Source Files"
                   projectFiles="true">
      <itemPath>rpg.c</itemPath>
      <itemPath>Game.c</itemPath>
      <itemPath>Player.c</itemPath>
    </logicalFolder>
    <logicalFolder name="ExternalFiles"
                   displayName="Important Files"
                   projectFiles="false">
      <itemPath>Makefile</itemPath>
      <itemPath>RoomFiles</itemPath>
    </logicalFolder>
  </logicalFolder>
  <sourceRootList>
    <Elem>RoomFiles</Elem>
  </sourceRootList>
  <projectmakefile>Makefile</projectmakefile>
  <confs>
    <conf name="default" type="2">
      <toolsSet>
        <developmentServer>localhost</developmentServer>
        <targetDevice>PIC32MX320F128H</targetDevice>
        <targetHeader></targetHeader>
        <targetPluginBoard></targetPluginBoard>
        <platformTool>Simulator</platformTool>
        <languageToolchain>XC32</languageToolchain>
        <languageToolchainVersion>1.40</languageToolchainVersion>
        <platform>4</platform>
      </toolsSet>
      <compileType>
        <linkerTool>
          <linkerLibItems>
          </linkerLibItems>
        </linkerTool>
        <archiverTool>
        </archiverTool>
        <loading>
          <useAlternateLoadableFile>false</useAlternateLoadableFile>
          <parseOnProdLoad>false</parseOnProdLoad>
          <alternateLoadableFile></alternateLoadableFile>
        </loading>
      </compileType>
      <makeCustomizationType>
        <makeCustomizationPreStepEnabled>false</makeCustomizationPreStepEnabled>
        <makeCustomizationPreStep></makeCustomizationPreStep>
        <makeCustomizationPostStepEnabled>false</makeCustomizationPostStepEnabled>
        <makeCustomizationPostStep></makeCustomizationPostStep>
        <makeCustomizationPutChecksumInUserID>false</makeCustomizationPutChecksumInUserID>
        <makeCustomizationEnableLongLines>false</makeCustomizationEnableLongLines>
        <makeCustomizationNormalizeHexFile>false</makeCustomizationNormalizeHexFile>
      </makeCustomizationType>
      <C32>
        <property key="additional-warnings" value="false"/>
        <property key="enable-app-io" value="false"/>
        <property key="enable-omit-frame-pointer" value="false"/>
        <property key="enable-symbols" value="true"/>
        <property key="enable-unroll-loops" value="false"/>
        <property key="exclude-floating-point" value="false"/>
        <property key="extra-include-directories" value=""/>
        <property key="generate-16-bit-code" value="false"/>
        <property key="generate-micro-compressed-code" value="false"/>
        <property key="isolate-each-function" value="false"/>
        <property key="make-warnings-into-errors" value="false"/>
        <property key="optimization-level" value=""/>
        <property key="place-data-into-section" value="false"/>
        <property key="post-instruction-scheduling" value="default"/>
        <property key="pre-instruction-scheduling" value="default"/>
        <property key="preprocessor-macros" value=""/>
        <property key="strict-ansi" value="false"/>
        <property key="support-ansi" value="false"/>
        <property key="use-cci" value="false"/>
        <property key="use-iar" value="false"/>
        <property key="use-indirect-calls" value="false"/>
      </C32>
      <C32-LD>
        <property key="additional-options-use-response-files" value="false"/>
        <property key="enable-check-sections" value="false"/>
        <property key="exclude-floating-point-library" value="false"/>
        <property key="exclude-standard-libraries" value="false"/>
        <property key="extra-lib-directories" value=""/>
        <property key="fill-flash-options-addr" value=""/>
        <property key="fill-flash-options-const" value=""/>
        <property key="fill-flash-options-how" value="0"/>
        <property key="fill-flash-options-inc-const" value="1"/>
        <property key="fill-flash-options-increment" value=""/>
        <property key="fill-flash-options-seq" value=""/>
        <property key="fill-flash-options-what" value="0"/>
        <property key="generate-16-bit-code" value="false"/>
        <property key="generate-cross-reference-file" value="false"/>
        <property key="generate-micro-compressed-code" value="false"/>
        <property key="heap-size" value=""/>
        <property key="input-libraries" value=""/>
        <property key="linker-symbols" value=""/>
        <property key="map-file" value="${DISTDIR}/${PROJECTNAME}.${IMAGE_TYPE}.map"/>
        <property key="no-startup-files" value="false"/>
        <property key="oXC32ld-extra-opts" value=""/>
        <property key="optimization-level" value=""/>
        <property key="preprocessor-macros" value=""/>
        <property key="remove-unused-sections" value="false"/>
        <property key="report-memory-usage" value="false"/>
        <property key="stack-size" value=""/>
        <property key="symbol-stripping" value=""/>
        <property key="trace-symbols" value=""/>
        <property key="warn-section-align" value="false"/>
      </C32-LD>
      <C32CPP>
        <property key="additional-warnings" value="false"/>
        <property key="check-new" value="false"/>
        <property key="eh-specs" value="true"/>
        <property key="enable-app-io" value="false"/>
        <property key="enable-omit-frame-pointer" value="false"/>
        <property key="enable-symbols" value="true"/>
        <property key="enable-unroll-loops" value="false"/>
        <property key="exceptions" value="true"/>
        <property key="exclude-floating-point" value="false"/>
        <property key="extra-include-directories" value=""/>
        <property key="generate-16-bit-code" value="false"/>
        <property key="generate-micro-compressed-code" value="false"/>
        <property key="isolate-each-function" value="false"/>
        <property key="make-warnings-into-errors" value="false"/>
        <property key="optimization-level" value=""/>
        <property key="place-data-into-section" value="false"/>
        <property key="post-instruction-scheduling" value="default"/>
        <property key="pre-instruction-scheduling" value="default"/>
        <property key="preprocessor-macros" value=""/>
        <property key="rtti" value="true"/>
        <property key="strict-ansi" value="false"/>
        <property key="use-cci" value="false"/>
        <property key="use-iar" value="false"/>
        <property key="use-indirect-calls" value="false"/>
      </C32CPP>
      <C32Global>
        <property key="common-include-directories" value=""/>
        <property key="gp-relative-option" value=""/>
        <property key="legacy-libc" value="false"/>
        <property key="relaxed-math" value="false"/>
        <property key="save-temps" value="false"/>
        <property key="wpo-lto" value="false"/>
      </C32Global>
    </conf>
  </confs>
</configurationDescriptor>
